Drug Name,Drug Class,Target,Mechanism of Action,Indication,Approval Year,Common Side Effects,Relevant Studies
Drug 1,SSRI,Serotinin Transporter (SERT),Inhibits reuptake of serotonin and norepinephrine,Panic Disorder,1961,Diarrhea,Brown et al. (2023)
Drug 2,NDRI,Serotinin and Norepinephrine,Inhibits reuptake of serotonin and norepinephrine,Schizophrenia,1994,Nursea,Parker et al. (2022)
Drug 3,Atypical Antipsychotic,Serotinin and Norepinephrine,Antagonist at centain serotinin and norepinephrine receptors,Anxiety,1981,"Nursea, Insomnia, Somolence",Garcia et al. (2020)
Drug 4,Anxiolytic,Dopamine Receptors,"Partial agonism and blockade, stabilizes dopamine levels",OCD,2022,"Somolence, Diarrhea, Weight Gain",white et al. (2021)
Drug 5,TCA,Dopamine Receptors,Antagonist at centain serotinin and norepinephrine receptors,Panic Disorder,1991,"Diarrhea, Somolence, Drowsiness",Johnson et al. (2019)
Drug 6,Atypical Antipsychotic,Serotinin and Norepinephrine,"Partial agonism and blockade, stabilizes dopamine levels",Anxiety,1960,"Headache, Nursea",Johnson et al. (2019)
Drug 7,SARI,Serotinin and Norepinephrine,Inhibits reuptake of serotonin and norepinephrine,Schizophrenia,1976,"Nursea, Weight Gain",Garcia et al. (2020)
Drug 8,NDRI,Norepinephrine Transporter (NET),Inhibits reuptake of serotonin and norepinephrine,Schizophrenia,1997,Nursea,Johnson et al. (2019)
Drug 9,NaSSA,Dopamine Receptors,Antagonist at centain serotinin and norepinephrine receptors,Bipolar Disorder,1983,"Insomnia, Dry Mouth, Nursea",Garcia et al. (2020)
Drug 10,Atypical Antipsychotic,Serotinin and Norepinephrine,"Partial agonism and blockade, stabilizes dopamine levels",Panic Disorder,1971,"Diarrhea, Weight Gain, Drowsiness",Parker et al. (2022)
Drug 11,NDRI,Serotinin and Norepinephrine,Inhibits reuptake of serotonine,Panic Disorder,2012,"Weight Gain, Headache, Insomnia",Davis et al. (2021)
Drug 12,Anxiolytic,Serotinin and Norepinephrine,Antagonist at centain serotinin and norepinephrine receptors,Depression,1995,Fatigue,Johnson et al. (2019)
Drug 13,SSRI,Dopamine Receptors,Inhibits reuptake of serotonine,Schizophrenia,2006,"Somolence, Insomnia, Diarrhea",Nuss et al. 2020
Drug 14,SSRI,Norepinephrine Transporter (NET),Enhances the effect of GABA at the GABA-A receptor,Insomnia,2001,Nursea,Sullivan et al. (2017)
Drug 15,Anxiolytic,GABA Receptor,Antagonist at centain serotinin and norepinephrine receptors,Schizophrenia,2018,Drowsiness,Parker et al. (2022)
Drug 16,Atypical Antipsychotic,Norepinephrine Transporter (NET),Antagonist at centain serotinin and norepinephrine receptors,OCD,1964,Nursea,Sullivan et al. (2017)
Drug 17,Anxiolytic,Norepinephrine Transporter (NET),Inhibits reuptake of serotonin and norepinephrine,Schizophrenia,1971,Drowsiness,Johnson et al. (2019)
Drug 18,NDRI,GABA Receptor,Inhibits reuptake of serotonin and norepinephrine,Schizophrenia,1994,"Akathisia, Fatigue, Somolence",Parker et al. (2022)
Drug 19,Atypical Antipsychotic,GABA Receptor,Antagonist at centain serotinin and norepinephrine receptors,Anxiety,2000,Diarrhea,Davis et al. (2021)
Drug 20,SSRI,Norepinephrine Transporter (NET),Antagonist at centain serotinin and norepinephrine receptors,Schizophrenia,2020,"Diarrhea, Nursea",white et al. (2021)
Drug 21,NDRI,Serotinin Transporter (SERT),Inhibits reuptake of serotonine,Insomnia,1965,"Fatigue, Drowsiness",Sullivan et al. (2017)
Drug 22,TCA,GABA Receptor,"Partial agonism and blockade, stabilizes dopamine levels",Generalized Anxiety,1969,Fatigue,Garcia et al. (2020)
Drug 23,NaSSA,Serotinin Transporter (SERT),Enhances the effect of GABA at the GABA-A receptor,Generalized Anxiety,1983,"Nursea, Somolence, Drowsiness",Sullivan et al. (2017)
Drug 24,TCA,Dopamine Receptors,Inhibits reuptake of serotonin and norepinephrine,OCD,1994,"Weight Gain, Headache, Somolence",Davis et al. (2021)
Drug 25,Atypical Antipsychotic,Serotinin Transporter (SERT),Inhibits reuptake of serotonine,Anxiety,2009,Weight Gain,Davis et al. (2021)
Drug 26,NDRI,Serotinin and Norepinephrine,Inhibits reuptake of serotonine,Bipolar Disorder,1976,"Diarrhea, Fatigue",Garcia et al. (2020)
Drug 27,SSRI,Serotinin and Norepinephrine,Inhibits reuptake of serotonin and norepinephrine,Bipolar Disorder,1997,"Drowsiness, Somolence",Thompson et al. (2019)
Drug 28,SARI,GABA Receptor,Inhibits reuptake of serotonin and norepinephrine,Panic Disorder,1967,"Insomnia, Fatigue, Akathisia",Brown et al. (2023)
Drug 29,Atypical Antipsychotic,Serotinin Transporter (SERT),"Partial agonism and blockade, stabilizes dopamine levels",Depression,1997,"Somolence, Drowsiness",Parker et al. (2022)
Drug 30,Atypical Antipsychotic,Serotinin and Norepinephrine,Enhances the effect of GABA at the GABA-A receptor,Generalized Anxiety,1995,"Drowsiness, Diarrhea, Fatigue",Nuss et al. 2020
Drug 31,TCA,Dopamine Receptors,Antagonist at centain serotinin and norepinephrine receptors,Panic Disorder,1967,"Diarrhea, Fatigue, Weight Gain",Nuss et al. 2020
Drug 32,Atypical Antipsychotic,Serotinin Transporter (SERT),Inhibits reuptake of serotonin and norepinephrine,Panic Disorder,1966,Somolence,Garcia et al. (2020)
Drug 33,SARI,Serotinin and Norepinephrine,Antagonist at centain serotinin and norepinephrine receptors,Anxiety,2008,Insomnia,Brown et al. (2023)
Drug 34,SARI,Serotinin Transporter (SERT),Inhibits reuptake of serotonin and norepinephrine,Insomnia,1999,"Nursea, Diarrhea, Insomnia",Garcia et al. (2020)
Drug 35,Anxiolytic,Serotinin and Norepinephrine,Inhibits reuptake of serotonine,Depression,1974,"Nursea, Somolence",Brown et al. (2023)
Drug 36,NDRI,Serotinin and Norepinephrine,Inhibits reuptake of serotonine,OCD,1995,"Akathisia, Dry Mouth, Nursea",Davis et al. (2021)
Drug 37,TCA,Dopamine Receptors,Inhibits reuptake of serotonine,Insomnia,2005,Weight Gain,Brown et al. (2023)
Drug 38,SARI,GABA Receptor,Enhances the effect of GABA at the GABA-A receptor,Bipolar Disorder,1963,Drowsiness,Smith et al. (2020)
Drug 39,NDRI,Serotinin Transporter (SERT),Inhibits reuptake of serotonin and norepinephrine,Anxiety,1963,"Headache, Akathisia",Sullivan et al. (2017)
Drug 40,SARI,Serotinin Transporter (SERT),Inhibits reuptake of serotonin and norepinephrine,Depression,1981,"Dry Mouth, Diarrhea",Johnson et al. (2019)
Drug 41,NDRI,Dopamine Receptors,Antagonist at centain serotinin and norepinephrine receptors,Bipolar Disorder,1963,Weight Gain,Davis et al. (2021)
Drug 42,SARI,Serotinin and Norepinephrine,Antagonist at centain serotinin and norepinephrine receptors,Depression,1972,"Drowsiness, Nursea",white et al. (2021)
Drug 43,Anxiolytic,Serotinin Transporter (SERT),Inhibits reuptake of serotonine,OCD,2013,Somolence,Davis et al. (2021)
Drug 44,NaSSA,Serotinin Transporter (SERT),Antagonist at centain serotinin and norepinephrine receptors,Bipolar Disorder,2009,"Diarrhea, Weight Gain",white et al. (2021)
Drug 45,Anxiolytic,Serotinin and Norepinephrine,"Partial agonism and blockade, stabilizes dopamine levels",Generalized Anxiety,1966,Insomnia,Nuss et al. 2020
Drug 46,SSRI,Serotinin and Norepinephrine,Enhances the effect of GABA at the GABA-A receptor,Bipolar Disorder,1967,"Akathisia, Weight Gain",Nuss et al. 2020
Drug 47,Atypical Antipsychotic,Serotinin and Norepinephrine,Inhibits reuptake of serotonin and norepinephrine,Bipolar Disorder,1969,"Somolence, Dry Mouth",white et al. (2021)
Drug 48,SSRI,Serotinin Transporter (SERT),Inhibits reuptake of serotonine,Panic Disorder,1963,"Drowsiness, Insomnia",Parker et al. (2022)
Drug 49,TCA,Serotinin Transporter (SERT),Inhibits reuptake of serotonine,Bipolar Disorder,2019,"Insomnia, Nursea",Sullivan et al. (2017)
Drug 50,SARI,Norepinephrine Transporter (NET),Inhibits reuptake of serotonin and norepinephrine,Insomnia,2010,Dry Mouth,white et al. (2021)
Drug 51,Anxiolytic,Dopamine Receptors,Enhances the effect of GABA at the GABA-A receptor,Insomnia,1989,"Fatigue, Somolence, Diarrhea",Brown et al. (2023)
Drug 52,NaSSA,Serotinin Transporter (SERT),"Partial agonism and blockade, stabilizes dopamine levels",Depression,1999,"Weight Gain, Somolence, Nursea",Parker et al. (2022)
Drug 53,SARI,Serotinin and Norepinephrine,Inhibits reuptake of serotonin and norepinephrine,Generalized Anxiety,1991,"Dry Mouth, Fatigue, Somolence",white et al. (2021)
Drug 54,Anxiolytic,Norepinephrine Transporter (NET),Enhances the effect of GABA at the GABA-A receptor,Bipolar Disorder,1968,Dry Mouth,Brown et al. (2023)
Drug 55,Anxiolytic,GABA Receptor,Inhibits reuptake of serotonin and norepinephrine,OCD,1990,Nursea,Brown et al. (2023)
Drug 56,SSRI,Dopamine Receptors,"Partial agonism and blockade, stabilizes dopamine levels",Insomnia,1989,"Nursea, Drowsiness",Sullivan et al. (2017)
Drug 57,SARI,Serotinin and Norepinephrine,Inhibits reuptake of serotonin and norepinephrine,Schizophrenia,1984,"Nursea, Insomnia",Brown et al. (2023)
Drug 58,NaSSA,Serotinin and Norepinephrine,Inhibits reuptake of serotonine,Bipolar Disorder,1974,"Nursea, Diarrhea, Weight Gain",Garcia et al. (2020)
Drug 59,NaSSA,Serotinin Transporter (SERT),Enhances the effect of GABA at the GABA-A receptor,Bipolar Disorder,1982,"Dry Mouth, Weight Gain",Brown et al. (2023)
Drug 60,SARI,Norepinephrine Transporter (NET),Inhibits reuptake of serotonin and norepinephrine,Panic Disorder,1987,Diarrhea,Davis et al. (2021)
Drug 61,NaSSA,Dopamine Receptors,Inhibits reuptake of serotonine,Generalized Anxiety,2000,Somolence,Parker et al. (2022)
Drug 62,NaSSA,Dopamine Receptors,"Partial agonism and blockade, stabilizes dopamine levels",Generalized Anxiety,1983,"Headache, Weight Gain, Insomnia",Johnson et al. (2019)
Drug 63,Atypical Antipsychotic,Serotinin Transporter (SERT),"Partial agonism and blockade, stabilizes dopamine levels",Generalized Anxiety,2012,Akathisia,Brown et al. (2023)
Drug 64,NDRI,Dopamine Receptors,Inhibits reuptake of serotonine,Depression,1970,"Somolence, Drowsiness",Thompson et al. (2019)
Drug 65,SARI,Norepinephrine Transporter (NET),Inhibits reuptake of serotonine,Generalized Anxiety,1964,Fatigue,Davis et al. (2021)
Drug 66,SARI,GABA Receptor,Antagonist at centain serotinin and norepinephrine receptors,OCD,2020,Akathisia,Nuss et al. 2020
Drug 67,SSRI,Serotinin Transporter (SERT),Antagonist at centain serotinin and norepinephrine receptors,Insomnia,1963,"Insomnia, Nursea",Brown et al. (2023)
Drug 68,Anxiolytic,Dopamine Receptors,"Partial agonism and blockade, stabilizes dopamine levels",Depression,2002,Headache,Johnson et al. (2019)
Drug 69,NaSSA,Serotinin and Norepinephrine,Inhibits reuptake of serotonine,Bipolar Disorder,2007,"Akathisia, Somolence",Johnson et al. (2019)
Drug 70,NDRI,Serotinin Transporter (SERT),"Partial agonism and blockade, stabilizes dopamine levels",Depression,2000,"Akathisia, Drowsiness, Weight Gain",Thompson et al. (2019)
Drug 71,TCA,Norepinephrine Transporter (NET),Antagonist at centain serotinin and norepinephrine receptors,Panic Disorder,1963,"Nursea, Somolence",Garcia et al. (2020)
Drug 72,SARI,GABA Receptor,Inhibits reuptake of serotonine,Insomnia,2013,"Somolence, Diarrhea, Headache",Parker et al. (2022)
Drug 73,NDRI,Norepinephrine Transporter (NET),Antagonist at centain serotinin and norepinephrine receptors,Panic Disorder,1974,"Weight Gain, Nursea",white et al. (2021)
Drug 74,Anxiolytic,Serotinin Transporter (SERT),Inhibits reuptake of serotonin and norepinephrine,Anxiety,1978,Somolence,Sullivan et al. (2017)
Drug 75,Atypical Antipsychotic,Serotinin and Norepinephrine,Inhibits reuptake of serotonin and norepinephrine,Generalized Anxiety,1969,"Nursea, Weight Gain, Drowsiness",Parker et al. (2022)
Drug 76,SARI,Dopamine Receptors,Antagonist at centain serotinin and norepinephrine receptors,Panic Disorder,1983,"Headache, Drowsiness, Nursea",white et al. (2021)
Drug 77,NaSSA,Serotinin and Norepinephrine,Antagonist at centain serotinin and norepinephrine receptors,Schizophrenia,2012,"Drowsiness, Diarrhea",Sullivan et al. (2017)
Drug 78,NDRI,Dopamine Receptors,Antagonist at centain serotinin and norepinephrine receptors,OCD,2017,Dry Mouth,white et al. (2021)
Drug 79,Anxiolytic,Serotinin Transporter (SERT),"Partial agonism and blockade, stabilizes dopamine levels",Anxiety,2018,"Nursea, Fatigue, Dry Mouth",Nuss et al. 2020
Drug 80,TCA,GABA Receptor,Enhances the effect of GABA at the GABA-A receptor,Generalized Anxiety,1968,"Dry Mouth, Fatigue, Diarrhea",Sullivan et al. (2017)
Drug 81,NDRI,Serotinin Transporter (SERT),Inhibits reuptake of serotonin and norepinephrine,Depression,2013,Fatigue,Parker et al. (2022)
Drug 82,NaSSA,Norepinephrine Transporter (NET),Enhances the effect of GABA at the GABA-A receptor,Bipolar Disorder,1991,Drowsiness,Davis et al. (2021)
Drug 83,Atypical Antipsychotic,Serotinin Transporter (SERT),Inhibits reuptake of serotonin and norepinephrine,Panic Disorder,2006,"Dry Mouth, Nursea",Sullivan et al. (2017)
Drug 84,SARI,Dopamine Receptors,Inhibits reuptake of serotonin and norepinephrine,OCD,1984,"Diarrhea, Weight Gain, Insomnia",white et al. (2021)
Drug 85,SARI,GABA Receptor,Inhibits reuptake of serotonin and norepinephrine,OCD,1973,"Dry Mouth, Diarrhea",Brown et al. (2023)
Drug 86,SARI,GABA Receptor,"Partial agonism and blockade, stabilizes dopamine levels",OCD,2006,"Insomnia, Headache",Johnson et al. (2019)
Drug 87,SSRI,Dopamine Receptors,Antagonist at centain serotinin and norepinephrine receptors,Depression,1994,"Dry Mouth, Weight Gain, Diarrhea",white et al. (2021)
Drug 88,SARI,Serotinin and Norepinephrine,Inhibits reuptake of serotonine,Bipolar Disorder,1991,"Nursea, Dry Mouth",Thompson et al. (2019)
Drug 89,Anxiolytic,Serotinin and Norepinephrine,Inhibits reuptake of serotonine,Panic Disorder,2012,"Dry Mouth, Weight Gain",white et al. (2021)
Drug 90,NaSSA,Norepinephrine Transporter (NET),Enhances the effect of GABA at the GABA-A receptor,Schizophrenia,1989,Diarrhea,Davis et al. (2021)
Drug 91,Atypical Antipsychotic,Serotinin and Norepinephrine,Enhances the effect of GABA at the GABA-A receptor,Schizophrenia,1973,Somolence,Parker et al. (2022)
Drug 92,NaSSA,Dopamine Receptors,Inhibits reuptake of serotonin and norepinephrine,OCD,1961,Somolence,Davis et al. (2021)
Drug 93,SARI,Dopamine Receptors,Enhances the effect of GABA at the GABA-A receptor,Bipolar Disorder,2008,"Somolence, Drowsiness",Davis et al. (2021)
Drug 94,SSRI,GABA Receptor,Antagonist at centain serotinin and norepinephrine receptors,Bipolar Disorder,2008,"Akathisia, Headache",Parker et al. (2022)
Drug 95,NDRI,Norepinephrine Transporter (NET),Enhances the effect of GABA at the GABA-A receptor,Generalized Anxiety,1972,"Fatigue, Akathisia",Brown et al. (2023)
Drug 96,Anxiolytic,Serotinin Transporter (SERT),Inhibits reuptake of serotonine,Schizophrenia,1960,"Diarrhea, Dry Mouth, Drowsiness",Parker et al. (2022)
Drug 97,NDRI,Norepinephrine Transporter (NET),Inhibits reuptake of serotonine,Panic Disorder,1968,"Fatigue, Headache, Insomnia",Brown et al. (2023)
Drug 98,NaSSA,Dopamine Receptors,Enhances the effect of GABA at the GABA-A receptor,Panic Disorder,2011,Diarrhea,Brown et al. (2023)
Drug 99,NaSSA,Serotinin and Norepinephrine,Inhibits reuptake of serotonine,Depression,1978,"Fatigue, Headache",Parker et al. (2022)
Drug 100,SSRI,GABA Receptor,Enhances the effect of GABA at the GABA-A receptor,Generalized Anxiety,1988,"Somolence, Fatigue",Nuss et al. 2020
Drug 101,TCA,Norepinephrine Transporter (NET),"Partial agonism and blockade, stabilizes dopamine levels",Depression,1983,Diarrhea,Brown et al. (2023)
Drug 102,Atypical Antipsychotic,GABA Receptor,"Partial agonism and blockade, stabilizes dopamine levels",Insomnia,2005,Diarrhea,white et al. (2021)
Drug 103,Anxiolytic,GABA Receptor,"Partial agonism and blockade, stabilizes dopamine levels",Schizophrenia,1993,Drowsiness,Davis et al. (2021)
Drug 104,NaSSA,Norepinephrine Transporter (NET),Enhances the effect of GABA at the GABA-A receptor,Schizophrenia,2014,"Somolence, Fatigue",Thompson et al. (2019)
Drug 105,SARI,Dopamine Receptors,Inhibits reuptake of serotonine,Bipolar Disorder,1982,Fatigue,Parker et al. (2022)
Drug 106,NDRI,Serotinin Transporter (SERT),Inhibits reuptake of serotonin and norepinephrine,Anxiety,2011,"Dry Mouth, Akathisia, Somolence",Smith et al. (2020)
Drug 107,NDRI,Serotinin Transporter (SERT),Enhances the effect of GABA at the GABA-A receptor,Bipolar Disorder,1988,"Fatigue, Dry Mouth, Akathisia",Parker et al. (2022)
Drug 108,Atypical Antipsychotic,Dopamine Receptors,Inhibits reuptake of serotonin and norepinephrine,Schizophrenia,2012,"Insomnia, Nursea",Garcia et al. (2020)
Drug 109,Atypical Antipsychotic,Dopamine Receptors,Enhances the effect of GABA at the GABA-A receptor,Panic Disorder,1964,Headache,Thompson et al. (2019)
Drug 110,SSRI,Serotinin and Norepinephrine,Enhances the effect of GABA at the GABA-A receptor,Bipolar Disorder,1977,"Diarrhea, Dry Mouth",Nuss et al. 2020
Drug 111,TCA,Serotinin Transporter (SERT),"Partial agonism and blockade, stabilizes dopamine levels",Insomnia,2016,"Insomnia, Drowsiness",Thompson et al. (2019)
Drug 112,TCA,Dopamine Receptors,Antagonist at centain serotinin and norepinephrine receptors,Generalized Anxiety,1980,"Akathisia, Somolence",Johnson et al. (2019)
Drug 113,SSRI,Dopamine Receptors,Enhances the effect of GABA at the GABA-A receptor,Schizophrenia,1989,"Nursea, Weight Gain",Smith et al. (2020)
Drug 114,NaSSA,Dopamine Receptors,Enhances the effect of GABA at the GABA-A receptor,Generalized Anxiety,1996,"Akathisia, Somolence",Parker et al. (2022)
Drug 115,NaSSA,Dopamine Receptors,Inhibits reuptake of serotonine,OCD,1965,"Dry Mouth, Fatigue, Drowsiness",Garcia et al. (2020)
Drug 116,Atypical Antipsychotic,Dopamine Receptors,Inhibits reuptake of serotonine,Insomnia,1961,"Insomnia, Weight Gain, Nursea",Johnson et al. (2019)
Drug 117,TCA,Serotinin Transporter (SERT),Enhances the effect of GABA at the GABA-A receptor,OCD,1989,"Nursea, Headache",Brown et al. (2023)
Drug 118,Anxiolytic,Dopamine Receptors,Inhibits reuptake of serotonine,Insomnia,1971,"Dry Mouth, Fatigue",Johnson et al. (2019)
Drug 119,NDRI,Serotinin and Norepinephrine,Enhances the effect of GABA at the GABA-A receptor,Depression,1963,"Nursea, Insomnia",Sullivan et al. (2017)
Drug 120,SARI,Serotinin and Norepinephrine,Enhances the effect of GABA at the GABA-A receptor,Insomnia,1973,Diarrhea,Brown et al. (2023)
Drug 121,NaSSA,Serotinin and Norepinephrine,Antagonist at centain serotinin and norepinephrine receptors,Anxiety,1986,Insomnia,Parker et al. (2022)
Drug 122,Atypical Antipsychotic,Serotinin Transporter (SERT),"Partial agonism and blockade, stabilizes dopamine levels",Generalized Anxiety,1986,"Headache, Weight Gain",white et al. (2021)
Drug 123,TCA,Norepinephrine Transporter (NET),Enhances the effect of GABA at the GABA-A receptor,Depression,1981,"Somolence, Dry Mouth",Parker et al. (2022)
Drug 124,SSRI,GABA Receptor,Inhibits reuptake of serotonine,Depression,1968,"Akathisia, Dry Mouth",Sullivan et al. (2017)
Drug 125,SSRI,Norepinephrine Transporter (NET),Enhances the effect of GABA at the GABA-A receptor,Depression,1979,"Insomnia, Drowsiness",white et al. (2021)
Drug 126,Atypical Antipsychotic,Norepinephrine Transporter (NET),Antagonist at centain serotinin and norepinephrine receptors,Panic Disorder,1961,Somolence,Davis et al. (2021)
Drug 127,TCA,GABA Receptor,Inhibits reuptake of serotonin and norepinephrine,Panic Disorder,2019,Insomnia,Parker et al. (2022)
Drug 128,Atypical Antipsychotic,Dopamine Receptors,Inhibits reuptake of serotonine,Bipolar Disorder,1983,Diarrhea,Smith et al. (2020)
Drug 129,SSRI,Serotinin and Norepinephrine,Enhances the effect of GABA at the GABA-A receptor,Bipolar Disorder,2019,"Akathisia, Headache",Brown et al. (2023)
Drug 130,SSRI,Norepinephrine Transporter (NET),Inhibits reuptake of serotonin and norepinephrine,Insomnia,2022,Fatigue,Johnson et al. (2019)
Drug 131,TCA,Serotinin Transporter (SERT),"Partial agonism and blockade, stabilizes dopamine levels",Generalized Anxiety,1999,"Headache, Insomnia, Dry Mouth",Garcia et al. (2020)
Drug 132,SARI,Norepinephrine Transporter (NET),Enhances the effect of GABA at the GABA-A receptor,Depression,2022,"Akathisia, Insomnia, Nursea",Nuss et al. 2020
Drug 133,SARI,Serotinin Transporter (SERT),Antagonist at centain serotinin and norepinephrine receptors,Panic Disorder,1973,"Nursea, Somolence",Thompson et al. (2019)
Drug 134,NDRI,Serotinin Transporter (SERT),Inhibits reuptake of serotonin and norepinephrine,OCD,1982,Fatigue,Sullivan et al. (2017)
Drug 135,Anxiolytic,Serotinin Transporter (SERT),Inhibits reuptake of serotonine,Depression,1977,"Drowsiness, Diarrhea",Brown et al. (2023)
Drug 136,NDRI,Serotinin Transporter (SERT),Inhibits reuptake of serotonin and norepinephrine,Anxiety,1970,"Nursea, Drowsiness, Dry Mouth",white et al. (2021)
Drug 137,TCA,Serotinin Transporter (SERT),"Partial agonism and blockade, stabilizes dopamine levels",Insomnia,1961,"Fatigue, Headache, Somolence",Smith et al. (2020)
Drug 138,Atypical Antipsychotic,Dopamine Receptors,Enhances the effect of GABA at the GABA-A receptor,Bipolar Disorder,1962,Insomnia,Smith et al. (2020)
Drug 139,NDRI,Dopamine Receptors,"Partial agonism and blockade, stabilizes dopamine levels",Anxiety,1987,Fatigue,Nuss et al. 2020
Drug 140,TCA,Serotinin Transporter (SERT),Enhances the effect of GABA at the GABA-A receptor,Depression,1968,Weight Gain,Sullivan et al. (2017)
Drug 141,NDRI,Serotinin and Norepinephrine,Antagonist at centain serotinin and norepinephrine receptors,Panic Disorder,2020,"Fatigue, Drowsiness, Diarrhea",Johnson et al. (2019)
Drug 142,SARI,Norepinephrine Transporter (NET),Inhibits reuptake of serotonin and norepinephrine,Panic Disorder,2006,"Somolence, Dry Mouth",Johnson et al. (2019)
Drug 143,NDRI,GABA Receptor,Enhances the effect of GABA at the GABA-A receptor,Generalized Anxiety,1987,"Diarrhea, Nursea, Headache",white et al. (2021)
Drug 144,SSRI,Serotinin Transporter (SERT),Inhibits reuptake of serotonine,Generalized Anxiety,1962,"Drowsiness, Fatigue, Weight Gain",Sullivan et al. (2017)
Drug 145,SSRI,Serotinin and Norepinephrine,Inhibits reuptake of serotonin and norepinephrine,Generalized Anxiety,2001,Dry Mouth,Brown et al. (2023)
Drug 146,SARI,Serotinin and Norepinephrine,"Partial agonism and blockade, stabilizes dopamine levels",Bipolar Disorder,1998,"Nursea, Insomnia, Diarrhea",white et al. (2021)
Drug 147,SSRI,Dopamine Receptors,Antagonist at centain serotinin and norepinephrine receptors,Bipolar Disorder,1975,"Somolence, Insomnia, Drowsiness",white et al. (2021)
Drug 148,SSRI,Serotinin Transporter (SERT),Inhibits reuptake of serotonine,Panic Disorder,1998,"Akathisia, Dry Mouth",Thompson et al. (2019)
Drug 149,TCA,Dopamine Receptors,Enhances the effect of GABA at the GABA-A receptor,Anxiety,1994,Drowsiness,Nuss et al. 2020
Drug 150,Anxiolytic,Norepinephrine Transporter (NET),Enhances the effect of GABA at the GABA-A receptor,Schizophrenia,2022,"Weight Gain, Headache",Sullivan et al. (2017)
Drug 151,Atypical Antipsychotic,Dopamine Receptors,"Partial agonism and blockade, stabilizes dopamine levels",Generalized Anxiety,2001,"Akathisia, Dry Mouth",Nuss et al. 2020
Drug 152,SARI,Serotinin and Norepinephrine,Inhibits reuptake of serotonine,Depression,1968,"Akathisia, Weight Gain",Johnson et al. (2019)
Drug 153,NaSSA,Norepinephrine Transporter (NET),Inhibits reuptake of serotonine,Depression,1992,Diarrhea,Garcia et al. (2020)
Drug 154,Anxiolytic,Serotinin and Norepinephrine,Inhibits reuptake of serotonine,Generalized Anxiety,2021,"Headache, Dry Mouth",Johnson et al. (2019)
Drug 155,SARI,GABA Receptor,Antagonist at centain serotinin and norepinephrine receptors,Schizophrenia,1969,Insomnia,Davis et al. (2021)
Drug 156,NDRI,GABA Receptor,"Partial agonism and blockade, stabilizes dopamine levels",OCD,2005,"Drowsiness, Weight Gain",white et al. (2021)
Drug 157,NDRI,Dopamine Receptors,Inhibits reuptake of serotonin and norepinephrine,Depression,1983,"Fatigue, Akathisia",Brown et al. (2023)
Drug 158,NDRI,Norepinephrine Transporter (NET),Inhibits reuptake of serotonin and norepinephrine,Anxiety,2018,"Dry Mouth, Fatigue",Smith et al. (2020)
Drug 159,SSRI,Norepinephrine Transporter (NET),Inhibits reuptake of serotonine,Generalized Anxiety,2007,Diarrhea,Garcia et al. (2020)
Drug 160,NDRI,Serotinin and Norepinephrine,Enhances the effect of GABA at the GABA-A receptor,Depression,1984,"Akathisia, Fatigue",white et al. (2021)
Drug 161,SARI,GABA Receptor,Inhibits reuptake of serotonine,Anxiety,1973,"Weight Gain, Somolence",Nuss et al. 2020
Drug 162,Atypical Antipsychotic,Norepinephrine Transporter (NET),Enhances the effect of GABA at the GABA-A receptor,Depression,1978,"Fatigue, Insomnia, Headache",Smith et al. (2020)
Drug 163,Atypical Antipsychotic,GABA Receptor,Inhibits reuptake of serotonine,Depression,1965,"Headache, Fatigue",Sullivan et al. (2017)
Drug 164,SARI,GABA Receptor,Antagonist at centain serotinin and norepinephrine receptors,Anxiety,1989,"Weight Gain, Dry Mouth, Akathisia",Davis et al. (2021)
Drug 165,NDRI,Serotinin Transporter (SERT),Enhances the effect of GABA at the GABA-A receptor,Generalized Anxiety,1991,"Nursea, Somolence",white et al. (2021)
Drug 166,SSRI,Dopamine Receptors,Enhances the effect of GABA at the GABA-A receptor,Anxiety,1983,"Drowsiness, Nursea",Garcia et al. (2020)
Drug 167,NaSSA,Serotinin Transporter (SERT),Antagonist at centain serotinin and norepinephrine receptors,Insomnia,1999,"Akathisia, Headache",Nuss et al. 2020
Drug 168,SARI,Serotinin Transporter (SERT),"Partial agonism and blockade, stabilizes dopamine levels",Anxiety,1967,Somolence,Smith et al. (2020)
Drug 169,Anxiolytic,Dopamine Receptors,Inhibits reuptake of serotonin and norepinephrine,Insomnia,2021,Headache,Parker et al. (2022)
Drug 170,SSRI,GABA Receptor,"Partial agonism and blockade, stabilizes dopamine levels",Panic Disorder,1992,"Insomnia, Weight Gain, Nursea",Smith et al. (2020)
Drug 171,SSRI,Norepinephrine Transporter (NET),"Partial agonism and blockade, stabilizes dopamine levels",Insomnia,1968,"Weight Gain, Headache, Akathisia",Garcia et al. (2020)
Drug 172,SARI,Dopamine Receptors,Antagonist at centain serotinin and norepinephrine receptors,Insomnia,2007,"Drowsiness, Fatigue",Nuss et al. 2020
Drug 173,SARI,GABA Receptor,Antagonist at centain serotinin and norepinephrine receptors,Insomnia,2000,"Akathisia, Weight Gain",Davis et al. (2021)
Drug 174,Atypical Antipsychotic,Norepinephrine Transporter (NET),Inhibits reuptake of serotonine,Anxiety,2022,"Headache, Insomnia, Somolence",Parker et al. (2022)
Drug 175,TCA,Norepinephrine Transporter (NET),Inhibits reuptake of serotonin and norepinephrine,Panic Disorder,2010,Weight Gain,Johnson et al. (2019)
Drug 176,TCA,Serotinin and Norepinephrine,Enhances the effect of GABA at the GABA-A receptor,Panic Disorder,1972,"Somolence, Insomnia, Weight Gain",Smith et al. (2020)
Drug 177,Atypical Antipsychotic,GABA Receptor,"Partial agonism and blockade, stabilizes dopamine levels",Bipolar Disorder,2015,"Akathisia, Drowsiness",Johnson et al. (2019)
Drug 178,Anxiolytic,GABA Receptor,Antagonist at centain serotinin and norepinephrine receptors,Insomnia,1970,Somolence,Thompson et al. (2019)
Drug 179,SARI,Dopamine Receptors,Enhances the effect of GABA at the GABA-A receptor,Anxiety,1960,"Weight Gain, Fatigue, Insomnia",Nuss et al. 2020
Drug 180,SSRI,Serotinin Transporter (SERT),Enhances the effect of GABA at the GABA-A receptor,Anxiety,1982,"Akathisia, Fatigue",Garcia et al. (2020)
Drug 181,SSRI,Dopamine Receptors,"Partial agonism and blockade, stabilizes dopamine levels",Schizophrenia,1961,Weight Gain,Sullivan et al. (2017)
Drug 182,Atypical Antipsychotic,Dopamine Receptors,Antagonist at centain serotinin and norepinephrine receptors,Generalized Anxiety,2002,"Dry Mouth, Somolence, Fatigue",Garcia et al. (2020)
Drug 183,Anxiolytic,GABA Receptor,Enhances the effect of GABA at the GABA-A receptor,Bipolar Disorder,1970,"Weight Gain, Dry Mouth, Headache",Davis et al. (2021)
Drug 184,SSRI,GABA Receptor,Inhibits reuptake of serotonine,Panic Disorder,2012,Nursea,Parker et al. (2022)
Drug 185,Anxiolytic,Dopamine Receptors,Antagonist at centain serotinin and norepinephrine receptors,Bipolar Disorder,2012,"Fatigue, Drowsiness",Thompson et al. (2019)
Drug 186,NDRI,Dopamine Receptors,Antagonist at centain serotinin and norepinephrine receptors,Panic Disorder,1970,"Drowsiness, Diarrhea",Thompson et al. (2019)
Drug 187,NaSSA,Norepinephrine Transporter (NET),Inhibits reuptake of serotonin and norepinephrine,Anxiety,2020,"Headache, Insomnia",Parker et al. (2022)
Drug 188,Atypical Antipsychotic,Serotinin and Norepinephrine,"Partial agonism and blockade, stabilizes dopamine levels",Insomnia,1979,Fatigue,Nuss et al. 2020
Drug 189,TCA,Dopamine Receptors,Antagonist at centain serotinin and norepinephrine receptors,Anxiety,1978,Dry Mouth,Brown et al. (2023)
Drug 190,NDRI,Dopamine Receptors,"Partial agonism and blockade, stabilizes dopamine levels",Panic Disorder,1999,"Weight Gain, Diarrhea, Akathisia",Thompson et al. (2019)
Drug 191,Atypical Antipsychotic,Norepinephrine Transporter (NET),Inhibits reuptake of serotonin and norepinephrine,Panic Disorder,1961,"Headache, Dry Mouth",Smith et al. (2020)
Drug 192,SSRI,GABA Receptor,Inhibits reuptake of serotonin and norepinephrine,Anxiety,2006,"Somolence, Diarrhea",Brown et al. (2023)
Drug 193,TCA,Norepinephrine Transporter (NET),Enhances the effect of GABA at the GABA-A receptor,Anxiety,1972,"Nursea, Weight Gain, Diarrhea",Nuss et al. 2020
Drug 194,TCA,Serotinin and Norepinephrine,Inhibits reuptake of serotonine,Anxiety,2001,"Dry Mouth, Headache",Nuss et al. 2020
Drug 195,NaSSA,Serotinin Transporter (SERT),Inhibits reuptake of serotonine,Bipolar Disorder,1964,"Drowsiness, Insomnia, Fatigue",Thompson et al. (2019)
Drug 196,NDRI,Norepinephrine Transporter (NET),Antagonist at centain serotinin and norepinephrine receptors,Anxiety,1978,Akathisia,Davis et al. (2021)
Drug 197,SARI,Serotinin and Norepinephrine,"Partial agonism and blockade, stabilizes dopamine levels",Depression,2000,"Drowsiness, Somolence, Dry Mouth",Nuss et al. 2020
Drug 198,Atypical Antipsychotic,Norepinephrine Transporter (NET),Inhibits reuptake of serotonin and norepinephrine,Schizophrenia,2010,"Akathisia, Drowsiness",Johnson et al. (2019)
Drug 199,NDRI,Dopamine Receptors,Antagonist at centain serotinin and norepinephrine receptors,Insomnia,1973,Headache,Garcia et al. (2020)
Drug 200,NDRI,Serotinin Transporter (SERT),Enhances the effect of GABA at the GABA-A receptor,Anxiety,1965,Insomnia,Johnson et al. (2019)
Drug 201,SSRI,Serotinin and Norepinephrine,Inhibits reuptake of serotonine,Insomnia,1971,"Drowsiness, Fatigue",Davis et al. (2021)
Drug 202,NDRI,Dopamine Receptors,Inhibits reuptake of serotonin and norepinephrine,OCD,1972,Nursea,Garcia et al. (2020)
Drug 203,TCA,Dopamine Receptors,"Partial agonism and blockade, stabilizes dopamine levels",Depression,1981,Diarrhea,Davis et al. (2021)
Drug 204,NDRI,Serotinin Transporter (SERT),"Partial agonism and blockade, stabilizes dopamine levels",Schizophrenia,1986,"Drowsiness, Headache",Garcia et al. (2020)
Drug 205,SARI,Serotinin and Norepinephrine,Inhibits reuptake of serotonin and norepinephrine,Bipolar Disorder,2013,"Headache, Insomnia",Johnson et al. (2019)
Drug 206,NDRI,Dopamine Receptors,Enhances the effect of GABA at the GABA-A receptor,Panic Disorder,1976,"Fatigue, Weight Gain",Garcia et al. (2020)
Drug 207,SARI,Norepinephrine Transporter (NET),Enhances the effect of GABA at the GABA-A receptor,Schizophrenia,1979,"Akathisia, Nursea",Smith et al. (2020)
Drug 208,TCA,Serotinin and Norepinephrine,Enhances the effect of GABA at the GABA-A receptor,Generalized Anxiety,2020,"Dry Mouth, Akathisia, Fatigue",Thompson et al. (2019)
Drug 209,NDRI,Serotinin Transporter (SERT),Inhibits reuptake of serotonin and norepinephrine,Bipolar Disorder,2005,"Fatigue, Weight Gain",Thompson et al. (2019)
Drug 210,NDRI,Dopamine Receptors,"Partial agonism and blockade, stabilizes dopamine levels",Anxiety,1989,"Weight Gain, Diarrhea, Dry Mouth",Brown et al. (2023)
Drug 211,TCA,Dopamine Receptors,Antagonist at centain serotinin and norepinephrine receptors,Depression,1985,"Fatigue, Dry Mouth, Weight Gain",Smith et al. (2020)
Drug 212,Anxiolytic,Norepinephrine Transporter (NET),"Partial agonism and blockade, stabilizes dopamine levels",Depression,2010,"Dry Mouth, Diarrhea",Garcia et al. (2020)
Drug 213,SSRI,Dopamine Receptors,Inhibits reuptake of serotonin and norepinephrine,OCD,2000,"Nursea, Somolence",Brown et al. (2023)
Drug 214,NDRI,GABA Receptor,"Partial agonism and blockade, stabilizes dopamine levels",Generalized Anxiety,1968,Diarrhea,Thompson et al. (2019)
Drug 215,NDRI,GABA Receptor,"Partial agonism and blockade, stabilizes dopamine levels",Generalized Anxiety,1992,"Dry Mouth, Insomnia",Davis et al. (2021)
Drug 216,SSRI,Serotinin Transporter (SERT),Inhibits reuptake of serotonin and norepinephrine,Depression,1964,Dry Mouth,Nuss et al. 2020
Drug 217,TCA,GABA Receptor,Inhibits reuptake of serotonin and norepinephrine,OCD,1961,Akathisia,Sullivan et al. (2017)
Drug 218,Anxiolytic,Serotinin Transporter (SERT),Inhibits reuptake of serotonin and norepinephrine,Insomnia,2018,"Headache, Somolence",Parker et al. (2022)
Drug 219,NDRI,Serotinin Transporter (SERT),Inhibits reuptake of serotonine,Panic Disorder,2004,"Insomnia, Somolence",Brown et al. (2023)
Drug 220,NaSSA,Norepinephrine Transporter (NET),Antagonist at centain serotinin and norepinephrine receptors,OCD,1961,"Weight Gain, Somolence, Dry Mouth",Sullivan et al. (2017)
Drug 221,NDRI,GABA Receptor,Antagonist at centain serotinin and norepinephrine receptors,Insomnia,1979,Somolence,Garcia et al. (2020)
Drug 222,NDRI,Serotinin Transporter (SERT),"Partial agonism and blockade, stabilizes dopamine levels",Insomnia,2009,"Dry Mouth, Nursea",Johnson et al. (2019)
Drug 223,NDRI,Norepinephrine Transporter (NET),Enhances the effect of GABA at the GABA-A receptor,Panic Disorder,2014,Diarrhea,Smith et al. (2020)
Drug 224,Anxiolytic,Norepinephrine Transporter (NET),Inhibits reuptake of serotonin and norepinephrine,Bipolar Disorder,1974,"Weight Gain, Nursea",white et al. (2021)
Drug 225,TCA,Norepinephrine Transporter (NET),Enhances the effect of GABA at the GABA-A receptor,Depression,2005,Insomnia,Johnson et al. (2019)
Drug 226,Anxiolytic,Serotinin and Norepinephrine,Inhibits reuptake of serotonin and norepinephrine,Bipolar Disorder,1982,Drowsiness,Johnson et al. (2019)
Drug 227,NaSSA,Serotinin Transporter (SERT),Antagonist at centain serotinin and norepinephrine receptors,OCD,1982,Drowsiness,Davis et al. (2021)
Drug 228,NaSSA,Dopamine Receptors,Enhances the effect of GABA at the GABA-A receptor,Depression,2007,Nursea,Sullivan et al. (2017)
Drug 229,SARI,Serotinin Transporter (SERT),Enhances the effect of GABA at the GABA-A receptor,OCD,1962,"Diarrhea, Insomnia",Parker et al. (2022)
Drug 230,Anxiolytic,Serotinin and Norepinephrine,Inhibits reuptake of serotonine,Bipolar Disorder,2012,"Diarrhea, Drowsiness, Headache",Garcia et al. (2020)
Drug 231,Anxiolytic,Norepinephrine Transporter (NET),"Partial agonism and blockade, stabilizes dopamine levels",Anxiety,1964,Insomnia,Davis et al. (2021)
Drug 232,Anxiolytic,GABA Receptor,Enhances the effect of GABA at the GABA-A receptor,Anxiety,2017,"Somolence, Diarrhea, Nursea",Sullivan et al. (2017)
Drug 233,TCA,Serotinin Transporter (SERT),"Partial agonism and blockade, stabilizes dopamine levels",Panic Disorder,1975,"Weight Gain, Dry Mouth",white et al. (2021)
Drug 234,SARI,Dopamine Receptors,Inhibits reuptake of serotonin and norepinephrine,Bipolar Disorder,2017,Akathisia,Thompson et al. (2019)
Drug 235,Atypical Antipsychotic,Serotinin Transporter (SERT),Antagonist at centain serotinin and norepinephrine receptors,Generalized Anxiety,2003,Drowsiness,Smith et al. (2020)
Drug 236,TCA,GABA Receptor,Inhibits reuptake of serotonin and norepinephrine,Panic Disorder,1978,"Drowsiness, Weight Gain",white et al. (2021)
Drug 237,SSRI,Dopamine Receptors,Antagonist at centain serotinin and norepinephrine receptors,Schizophrenia,1985,"Nursea, Somolence",Johnson et al. (2019)
Drug 238,NDRI,GABA Receptor,"Partial agonism and blockade, stabilizes dopamine levels",Depression,1991,Dry Mouth,white et al. (2021)
Drug 239,NaSSA,GABA Receptor,Inhibits reuptake of serotonin and norepinephrine,Insomnia,1986,"Headache, Somolence",Davis et al. (2021)
Drug 240,NaSSA,Serotinin Transporter (SERT),Inhibits reuptake of serotonine,Schizophrenia,1996,"Diarrhea, Drowsiness, Dry Mouth",Smith et al. (2020)
Drug 241,Anxiolytic,GABA Receptor,Inhibits reuptake of serotonine,Generalized Anxiety,1966,"Drowsiness, Insomnia",Garcia et al. (2020)
Drug 242,Atypical Antipsychotic,Dopamine Receptors,"Partial agonism and blockade, stabilizes dopamine levels",Generalized Anxiety,2007,Somolence,Nuss et al. 2020
Drug 243,TCA,GABA Receptor,Inhibits reuptake of serotonin and norepinephrine,OCD,2002,Insomnia,Davis et al. (2021)
Drug 244,SSRI,Norepinephrine Transporter (NET),Inhibits reuptake of serotonine,Schizophrenia,1975,Fatigue,white et al. (2021)
Drug 245,SARI,Serotinin Transporter (SERT),Inhibits reuptake of serotonine,Insomnia,2002,Headache,white et al. (2021)
Drug 246,SARI,GABA Receptor,Antagonist at centain serotinin and norepinephrine receptors,Anxiety,1988,"Headache, Insomnia",Garcia et al. (2020)
Drug 247,Anxiolytic,Serotinin and Norepinephrine,Inhibits reuptake of serotonine,Depression,1961,Fatigue,Johnson et al. (2019)
Drug 248,NaSSA,Serotinin Transporter (SERT),Inhibits reuptake of serotonine,Bipolar Disorder,2008,"Fatigue, Drowsiness",Garcia et al. (2020)
Drug 249,NDRI,Serotinin Transporter (SERT),Antagonist at centain serotinin and norepinephrine receptors,Anxiety,1964,"Nursea, Akathisia, Drowsiness",Smith et al. (2020)
Drug 250,Anxiolytic,Dopamine Receptors,Enhances the effect of GABA at the GABA-A receptor,Schizophrenia,2000,Diarrhea,Smith et al. (2020)
Drug 251,SARI,Serotinin Transporter (SERT),Inhibits reuptake of serotonin and norepinephrine,Bipolar Disorder,1973,"Akathisia, Drowsiness, Headache",Garcia et al. (2020)
Drug 252,Atypical Antipsychotic,Serotinin Transporter (SERT),"Partial agonism and blockade, stabilizes dopamine levels",Panic Disorder,2001,"Headache, Dry Mouth",white et al. (2021)
Drug 253,NDRI,Dopamine Receptors,Inhibits reuptake of serotonine,Anxiety,2017,"Dry Mouth, Diarrhea",Sullivan et al. (2017)
Drug 254,TCA,Dopamine Receptors,Enhances the effect of GABA at the GABA-A receptor,Insomnia,2020,"Headache, Diarrhea, Fatigue",Garcia et al. (2020)
Drug 255,NDRI,Dopamine Receptors,Inhibits reuptake of serotonin and norepinephrine,Anxiety,1991,Nursea,Nuss et al. 2020
Drug 256,SARI,Serotinin Transporter (SERT),Enhances the effect of GABA at the GABA-A receptor,Panic Disorder,1972,"Insomnia, Somolence",Davis et al. (2021)
Drug 257,SARI,Dopamine Receptors,Inhibits reuptake of serotonine,Panic Disorder,1986,Drowsiness,Nuss et al. 2020
Drug 258,Anxiolytic,Serotinin and Norepinephrine,"Partial agonism and blockade, stabilizes dopamine levels",Generalized Anxiety,1976,"Fatigue, Headache, Somolence",Johnson et al. (2019)
Drug 259,TCA,GABA Receptor,Inhibits reuptake of serotonine,OCD,1960,"Diarrhea, Somolence",Sullivan et al. (2017)
Drug 260,Atypical Antipsychotic,Serotinin and Norepinephrine,"Partial agonism and blockade, stabilizes dopamine levels",Depression,1994,"Weight Gain, Akathisia, Somolence",Nuss et al. 2020
Drug 261,NDRI,GABA Receptor,"Partial agonism and blockade, stabilizes dopamine levels",Bipolar Disorder,1990,"Fatigue, Weight Gain",Davis et al. (2021)
Drug 262,Anxiolytic,GABA Receptor,"Partial agonism and blockade, stabilizes dopamine levels",OCD,2021,Insomnia,Davis et al. (2021)
Drug 263,SSRI,GABA Receptor,"Partial agonism and blockade, stabilizes dopamine levels",Panic Disorder,2019,"Dry Mouth, Somolence, Fatigue",Garcia et al. (2020)
Drug 264,Atypical Antipsychotic,GABA Receptor,Inhibits reuptake of serotonine,Bipolar Disorder,1988,"Headache, Dry Mouth, Somolence",white et al. (2021)
Drug 265,SARI,Dopamine Receptors,Antagonist at centain serotinin and norepinephrine receptors,Generalized Anxiety,2016,Drowsiness,Nuss et al. 2020
Drug 266,SARI,Serotinin and Norepinephrine,Antagonist at centain serotinin and norepinephrine receptors,Schizophrenia,1996,"Dry Mouth, Fatigue, Insomnia",Thompson et al. (2019)
Drug 267,TCA,Serotinin and Norepinephrine,Antagonist at centain serotinin and norepinephrine receptors,Generalized Anxiety,2011,Drowsiness,Johnson et al. (2019)
Drug 268,Anxiolytic,GABA Receptor,"Partial agonism and blockade, stabilizes dopamine levels",Schizophrenia,1967,"Weight Gain, Headache",Johnson et al. (2019)
Drug 269,Atypical Antipsychotic,Serotinin Transporter (SERT),Inhibits reuptake of serotonine,Bipolar Disorder,2001,Fatigue,Thompson et al. (2019)
Drug 270,Anxiolytic,Serotinin Transporter (SERT),"Partial agonism and blockade, stabilizes dopamine levels",Bipolar Disorder,1971,"Somolence, Nursea",Smith et al. (2020)
Drug 271,SARI,GABA Receptor,Inhibits reuptake of serotonin and norepinephrine,Depression,2022,"Fatigue, Akathisia",Thompson et al. (2019)
Drug 272,NDRI,Dopamine Receptors,Antagonist at centain serotinin and norepinephrine receptors,OCD,1979,"Drowsiness, Akathisia",Brown et al. (2023)
Drug 273,TCA,GABA Receptor,Inhibits reuptake of serotonine,Anxiety,1960,"Fatigue, Dry Mouth, Weight Gain",Nuss et al. 2020
Drug 274,SARI,Serotinin and Norepinephrine,Inhibits reuptake of serotonin and norepinephrine,Insomnia,2006,"Diarrhea, Insomnia",Garcia et al. (2020)
Drug 275,Atypical Antipsychotic,Dopamine Receptors,Enhances the effect of GABA at the GABA-A receptor,Insomnia,1977,"Dry Mouth, Akathisia",Nuss et al. 2020
Drug 276,NaSSA,Serotinin and Norepinephrine,Inhibits reuptake of serotonin and norepinephrine,Depression,2020,"Insomnia, Akathisia",white et al. (2021)
Drug 277,SARI,Dopamine Receptors,"Partial agonism and blockade, stabilizes dopamine levels",Schizophrenia,2018,"Weight Gain, Akathisia",Parker et al. (2022)
Drug 278,Atypical Antipsychotic,Serotinin and Norepinephrine,Inhibits reuptake of serotonine,OCD,1995,"Akathisia, Weight Gain, Nursea",Davis et al. (2021)
Drug 279,Anxiolytic,GABA Receptor,Enhances the effect of GABA at the GABA-A receptor,Panic Disorder,1976,"Drowsiness, Insomnia",Thompson et al. (2019)
Drug 280,SSRI,Norepinephrine Transporter (NET),Enhances the effect of GABA at the GABA-A receptor,Bipolar Disorder,1993,"Weight Gain, Nursea, Fatigue",Nuss et al. 2020
Drug 281,SARI,Dopamine Receptors,Antagonist at centain serotinin and norepinephrine receptors,Insomnia,1989,"Nursea, Weight Gain",Parker et al. (2022)
Drug 282,SARI,Norepinephrine Transporter (NET),Inhibits reuptake of serotonine,Anxiety,2008,"Insomnia, Somolence",Smith et al. (2020)
Drug 283,NaSSA,Norepinephrine Transporter (NET),Inhibits reuptake of serotonine,Panic Disorder,2013,"Insomnia, Headache",white et al. (2021)
Drug 284,SARI,Serotinin Transporter (SERT),"Partial agonism and blockade, stabilizes dopamine levels",Panic Disorder,2005,Fatigue,Thompson et al. (2019)
Drug 285,Anxiolytic,Dopamine Receptors,Enhances the effect of GABA at the GABA-A receptor,Depression,1966,"Nursea, Dry Mouth, Insomnia",Smith et al. (2020)
Drug 286,NDRI,Serotinin Transporter (SERT),Inhibits reuptake of serotonine,Schizophrenia,1971,"Drowsiness, Fatigue",Garcia et al. (2020)
Drug 287,SSRI,GABA Receptor,Antagonist at centain serotinin and norepinephrine receptors,Schizophrenia,1975,Headache,white et al. (2021)
Drug 288,TCA,Norepinephrine Transporter (NET),Antagonist at centain serotinin and norepinephrine receptors,Anxiety,1962,"Weight Gain, Drowsiness",Garcia et al. (2020)
Drug 289,NaSSA,Norepinephrine Transporter (NET),"Partial agonism and blockade, stabilizes dopamine levels",Anxiety,1995,"Dry Mouth, Weight Gain, Drowsiness",Thompson et al. (2019)
Drug 290,SARI,Norepinephrine Transporter (NET),"Partial agonism and blockade, stabilizes dopamine levels",Panic Disorder,1967,Weight Gain,Parker et al. (2022)
Drug 291,NaSSA,Dopamine Receptors,Enhances the effect of GABA at the GABA-A receptor,OCD,1996,Dry Mouth,white et al. (2021)
Drug 292,SSRI,Serotinin and Norepinephrine,Inhibits reuptake of serotonin and norepinephrine,Generalized Anxiety,1960,Dry Mouth,Sullivan et al. (2017)
Drug 293,Anxiolytic,Serotinin and Norepinephrine,Inhibits reuptake of serotonin and norepinephrine,OCD,1987,Dry Mouth,Nuss et al. 2020
Drug 294,SSRI,Serotinin Transporter (SERT),Inhibits reuptake of serotonine,Generalized Anxiety,1960,Weight Gain,Thompson et al. (2019)
Drug 295,SARI,Serotinin Transporter (SERT),Inhibits reuptake of serotonine,Anxiety,1962,Fatigue,Smith et al. (2020)
Drug 296,Anxiolytic,Serotinin and Norepinephrine,Antagonist at centain serotinin and norepinephrine receptors,Schizophrenia,1994,"Diarrhea, Insomnia",Brown et al. (2023)
Drug 297,SARI,Norepinephrine Transporter (NET),Enhances the effect of GABA at the GABA-A receptor,Panic Disorder,1998,"Insomnia, Akathisia, Weight Gain",Nuss et al. 2020
Drug 298,NDRI,Norepinephrine Transporter (NET),Inhibits reuptake of serotonin and norepinephrine,Generalized Anxiety,1993,"Akathisia, Headache",Nuss et al. 2020
Drug 299,TCA,Norepinephrine Transporter (NET),Inhibits reuptake of serotonine,OCD,1984,"Akathisia, Drowsiness",Johnson et al. (2019)
Drug 300,Atypical Antipsychotic,Serotinin and Norepinephrine,Inhibits reuptake of serotonin and norepinephrine,Bipolar Disorder,2004,Drowsiness,Smith et al. (2020)
Drug 301,SARI,Norepinephrine Transporter (NET),"Partial agonism and blockade, stabilizes dopamine levels",Bipolar Disorder,2015,"Somolence, Weight Gain, Fatigue",Brown et al. (2023)
Drug 302,Atypical Antipsychotic,Serotinin and Norepinephrine,Antagonist at centain serotinin and norepinephrine receptors,Anxiety,2014,"Headache, Somolence",Brown et al. (2023)
Drug 303,SSRI,Serotinin Transporter (SERT),Enhances the effect of GABA at the GABA-A receptor,OCD,1969,"Weight Gain, Dry Mouth",Parker et al. (2022)
Drug 304,Anxiolytic,Norepinephrine Transporter (NET),Antagonist at centain serotinin and norepinephrine receptors,Schizophrenia,1990,Dry Mouth,Sullivan et al. (2017)
Drug 305,Atypical Antipsychotic,Dopamine Receptors,Enhances the effect of GABA at the GABA-A receptor,Panic Disorder,1980,Insomnia,Johnson et al. (2019)
Drug 306,TCA,Norepinephrine Transporter (NET),Antagonist at centain serotinin and norepinephrine receptors,Schizophrenia,1978,"Insomnia, Fatigue, Drowsiness",Sullivan et al. (2017)
Drug 307,Anxiolytic,GABA Receptor,Antagonist at centain serotinin and norepinephrine receptors,Bipolar Disorder,1980,"Akathisia, Diarrhea",Thompson et al. (2019)
Drug 308,NaSSA,GABA Receptor,Enhances the effect of GABA at the GABA-A receptor,Generalized Anxiety,2008,Somolence,Sullivan et al. (2017)
Drug 309,NaSSA,Serotinin Transporter (SERT),Inhibits reuptake of serotonin and norepinephrine,Depression,2004,Headache,Davis et al. (2021)
Drug 310,Anxiolytic,GABA Receptor,"Partial agonism and blockade, stabilizes dopamine levels",OCD,1988,"Somolence, Fatigue, Drowsiness",Parker et al. (2022)
Drug 311,NDRI,Dopamine Receptors,Inhibits reuptake of serotonin and norepinephrine,OCD,1980,Diarrhea,Garcia et al. (2020)
Drug 312,Atypical Antipsychotic,GABA Receptor,Antagonist at centain serotinin and norepinephrine receptors,Panic Disorder,2012,"Headache, Weight Gain, Fatigue",Parker et al. (2022)
Drug 313,SARI,Serotinin Transporter (SERT),Inhibits reuptake of serotonin and norepinephrine,Bipolar Disorder,2013,Fatigue,Davis et al. (2021)
Drug 314,SARI,Norepinephrine Transporter (NET),Inhibits reuptake of serotonine,Anxiety,2009,"Insomnia, Headache",Garcia et al. (2020)
Drug 315,TCA,Serotinin Transporter (SERT),Antagonist at centain serotinin and norepinephrine receptors,Bipolar Disorder,1966,"Headache, Akathisia, Dry Mouth",Sullivan et al. (2017)
Drug 316,NDRI,Serotinin Transporter (SERT),Inhibits reuptake of serotonin and norepinephrine,Panic Disorder,2012,"Fatigue, Insomnia",Davis et al. (2021)
Drug 317,Atypical Antipsychotic,GABA Receptor,Inhibits reuptake of serotonin and norepinephrine,Generalized Anxiety,2010,Nursea,Johnson et al. (2019)
Drug 318,Atypical Antipsychotic,GABA Receptor,"Partial agonism and blockade, stabilizes dopamine levels",Panic Disorder,1965,"Insomnia, Dry Mouth, Weight Gain",white et al. (2021)
Drug 319,TCA,Norepinephrine Transporter (NET),Inhibits reuptake of serotonin and norepinephrine,Generalized Anxiety,2007,"Dry Mouth, Akathisia, Headache",Johnson et al. (2019)
Drug 320,SSRI,Serotinin and Norepinephrine,"Partial agonism and blockade, stabilizes dopamine levels",Depression,2020,"Somolence, Nursea, Diarrhea",Brown et al. (2023)
Drug 321,NaSSA,Dopamine Receptors,Antagonist at centain serotinin and norepinephrine receptors,Anxiety,1994,"Weight Gain, Insomnia, Nursea",Sullivan et al. (2017)
Drug 322,NDRI,Norepinephrine Transporter (NET),"Partial agonism and blockade, stabilizes dopamine levels",OCD,2002,Nursea,Johnson et al. (2019)
Drug 323,Atypical Antipsychotic,Serotinin Transporter (SERT),Enhances the effect of GABA at the GABA-A receptor,Bipolar Disorder,1979,"Dry Mouth, Drowsiness",Sullivan et al. (2017)
Drug 324,Atypical Antipsychotic,Serotinin and Norepinephrine,"Partial agonism and blockade, stabilizes dopamine levels",Generalized Anxiety,1984,"Drowsiness, Nursea",Garcia et al. (2020)
Drug 325,TCA,Serotinin Transporter (SERT),Inhibits reuptake of serotonin and norepinephrine,Bipolar Disorder,2011,"Dry Mouth, Weight Gain, Headache",white et al. (2021)
Drug 326,SSRI,Serotinin Transporter (SERT),Inhibits reuptake of serotonin and norepinephrine,Generalized Anxiety,2009,"Headache, Dry Mouth, Diarrhea",Nuss et al. 2020
Drug 327,Atypical Antipsychotic,GABA Receptor,Enhances the effect of GABA at the GABA-A receptor,Insomnia,2013,"Akathisia, Weight Gain",Nuss et al. 2020
Drug 328,Anxiolytic,Norepinephrine Transporter (NET),"Partial agonism and blockade, stabilizes dopamine levels",Depression,1962,"Weight Gain, Insomnia",Johnson et al. (2019)
Drug 329,SSRI,Serotinin and Norepinephrine,Antagonist at centain serotinin and norepinephrine receptors,Bipolar Disorder,1999,"Insomnia, Diarrhea, Drowsiness",Sullivan et al. (2017)
Drug 330,NDRI,Norepinephrine Transporter (NET),Antagonist at centain serotinin and norepinephrine receptors,Schizophrenia,2015,"Drowsiness, Somolence",Sullivan et al. (2017)
Drug 331,Atypical Antipsychotic,Norepinephrine Transporter (NET),Inhibits reuptake of serotonine,Insomnia,2019,"Nursea, Dry Mouth, Insomnia",Davis et al. (2021)
Drug 332,Anxiolytic,Serotinin and Norepinephrine,Inhibits reuptake of serotonine,Schizophrenia,2015,"Somolence, Akathisia",Brown et al. (2023)
Drug 333,SSRI,Dopamine Receptors,Enhances the effect of GABA at the GABA-A receptor,Bipolar Disorder,2017,"Akathisia, Somolence",Sullivan et al. (2017)
Drug 334,SSRI,Serotinin and Norepinephrine,Inhibits reuptake of serotonine,Schizophrenia,2022,"Weight Gain, Headache, Somolence",Brown et al. (2023)
Drug 335,NaSSA,Norepinephrine Transporter (NET),Inhibits reuptake of serotonine,Generalized Anxiety,2010,Somolence,Sullivan et al. (2017)
Drug 336,NDRI,Serotinin and Norepinephrine,"Partial agonism and blockade, stabilizes dopamine levels",OCD,2001,Drowsiness,Garcia et al. (2020)
Drug 337,NaSSA,Serotinin and Norepinephrine,Inhibits reuptake of serotonine,Bipolar Disorder,1985,"Drowsiness, Akathisia",Sullivan et al. (2017)
Drug 338,NDRI,Norepinephrine Transporter (NET),Inhibits reuptake of serotonine,Panic Disorder,2016,Diarrhea,Garcia et al. (2020)
Drug 339,Atypical Antipsychotic,Serotinin Transporter (SERT),Antagonist at centain serotinin and norepinephrine receptors,Depression,1972,"Nursea, Insomnia, Fatigue",white et al. (2021)
Drug 340,SSRI,Serotinin and Norepinephrine,Inhibits reuptake of serotonine,Schizophrenia,1969,"Weight Gain, Fatigue, Dry Mouth",Thompson et al. (2019)
Drug 341,SSRI,Norepinephrine Transporter (NET),"Partial agonism and blockade, stabilizes dopamine levels",OCD,1986,Akathisia,Smith et al. (2020)
Drug 342,Atypical Antipsychotic,Serotinin and Norepinephrine,Inhibits reuptake of serotonin and norepinephrine,Schizophrenia,2016,Headache,Thompson et al. (2019)
Drug 343,Anxiolytic,Serotinin and Norepinephrine,Inhibits reuptake of serotonine,Anxiety,1983,"Akathisia, Dry Mouth",Parker et al. (2022)
Drug 344,NaSSA,Dopamine Receptors,Inhibits reuptake of serotonine,Schizophrenia,1985,Fatigue,Smith et al. (2020)
Drug 345,NaSSA,Serotinin Transporter (SERT),Enhances the effect of GABA at the GABA-A receptor,OCD,1961,"Dry Mouth, Diarrhea, Weight Gain",Johnson et al. (2019)
Drug 346,SARI,Serotinin and Norepinephrine,"Partial agonism and blockade, stabilizes dopamine levels",Depression,1980,"Headache, Dry Mouth",Johnson et al. (2019)
Drug 347,SSRI,GABA Receptor,Antagonist at centain serotinin and norepinephrine receptors,Insomnia,2022,"Insomnia, Drowsiness",white et al. (2021)
Drug 348,Atypical Antipsychotic,GABA Receptor,"Partial agonism and blockade, stabilizes dopamine levels",Generalized Anxiety,2014,"Insomnia, Weight Gain, Fatigue",Sullivan et al. (2017)
Drug 349,NDRI,GABA Receptor,Inhibits reuptake of serotonine,Depression,1976,Akathisia,white et al. (2021)
Drug 350,TCA,Serotinin and Norepinephrine,Inhibits reuptake of serotonine,Anxiety,1965,"Akathisia, Fatigue, Drowsiness",Thompson et al. (2019)
Drug 351,Anxiolytic,Serotinin and Norepinephrine,Inhibits reuptake of serotonine,OCD,1965,Akathisia,Davis et al. (2021)
Drug 352,NDRI,GABA Receptor,"Partial agonism and blockade, stabilizes dopamine levels",Bipolar Disorder,2019,Headache,Smith et al. (2020)
Drug 353,SARI,Serotinin Transporter (SERT),"Partial agonism and blockade, stabilizes dopamine levels",Depression,1972,"Insomnia, Diarrhea",Johnson et al. (2019)
Drug 354,NaSSA,Serotinin Transporter (SERT),Inhibits reuptake of serotonine,Insomnia,1970,Insomnia,Johnson et al. (2019)
Drug 355,NDRI,GABA Receptor,Inhibits reuptake of serotonine,OCD,2000,"Diarrhea, Weight Gain",Brown et al. (2023)
Drug 356,TCA,Serotinin Transporter (SERT),Inhibits reuptake of serotonin and norepinephrine,Generalized Anxiety,1996,"Diarrhea, Drowsiness, Weight Gain",Nuss et al. 2020
Drug 357,SARI,Dopamine Receptors,Enhances the effect of GABA at the GABA-A receptor,Anxiety,2005,"Drowsiness, Diarrhea, Somolence",Nuss et al. 2020
Drug 358,Atypical Antipsychotic,GABA Receptor,Enhances the effect of GABA at the GABA-A receptor,Generalized Anxiety,2008,Drowsiness,Garcia et al. (2020)
Drug 359,NaSSA,Serotinin Transporter (SERT),"Partial agonism and blockade, stabilizes dopamine levels",Generalized Anxiety,1993,Insomnia,Sullivan et al. (2017)
Drug 360,SSRI,GABA Receptor,Antagonist at centain serotinin and norepinephrine receptors,Schizophrenia,2019,Weight Gain,Parker et al. (2022)
Drug 361,Anxiolytic,Serotinin Transporter (SERT),Inhibits reuptake of serotonin and norepinephrine,Depression,1981,Insomnia,Sullivan et al. (2017)
Drug 362,Atypical Antipsychotic,Dopamine Receptors,Antagonist at centain serotinin and norepinephrine receptors,Bipolar Disorder,1962,Headache,Johnson et al. (2019)
Drug 363,SSRI,Dopamine Receptors,Inhibits reuptake of serotonine,Bipolar Disorder,1970,"Drowsiness, Fatigue",Nuss et al. 2020
Drug 364,Atypical Antipsychotic,Norepinephrine Transporter (NET),Inhibits reuptake of serotonin and norepinephrine,OCD,1990,"Fatigue, Insomnia",Nuss et al. 2020
Drug 365,SARI,Norepinephrine Transporter (NET),Inhibits reuptake of serotonin and norepinephrine,Schizophrenia,1987,Somolence,Thompson et al. (2019)
Drug 366,Anxiolytic,GABA Receptor,"Partial agonism and blockade, stabilizes dopamine levels",OCD,2008,"Fatigue, Insomnia, Nursea",white et al. (2021)
Drug 367,TCA,Serotinin Transporter (SERT),"Partial agonism and blockade, stabilizes dopamine levels",Bipolar Disorder,1964,"Headache, Diarrhea",Johnson et al. (2019)
Drug 368,NaSSA,Norepinephrine Transporter (NET),Antagonist at centain serotinin and norepinephrine receptors,Schizophrenia,2003,"Dry Mouth, Headache, Somolence",Parker et al. (2022)
Drug 369,Anxiolytic,Dopamine Receptors,Inhibits reuptake of serotonin and norepinephrine,Anxiety,2002,Fatigue,Garcia et al. (2020)
Drug 370,Atypical Antipsychotic,GABA Receptor,"Partial agonism and blockade, stabilizes dopamine levels",Generalized Anxiety,1980,"Akathisia, Fatigue",Thompson et al. (2019)
Drug 371,SARI,Serotinin and Norepinephrine,"Partial agonism and blockade, stabilizes dopamine levels",Panic Disorder,2018,"Fatigue, Diarrhea, Akathisia",Sullivan et al. (2017)
Drug 372,TCA,Serotinin and Norepinephrine,Inhibits reuptake of serotonin and norepinephrine,Schizophrenia,1973,Weight Gain,Davis et al. (2021)
Drug 373,SARI,Norepinephrine Transporter (NET),Enhances the effect of GABA at the GABA-A receptor,Anxiety,1966,"Akathisia, Weight Gain, Nursea",Nuss et al. 2020
Drug 374,Anxiolytic,Serotinin and Norepinephrine,Antagonist at centain serotinin and norepinephrine receptors,Bipolar Disorder,1989,"Nursea, Fatigue",Thompson et al. (2019)
Drug 375,Atypical Antipsychotic,GABA Receptor,Enhances the effect of GABA at the GABA-A receptor,Depression,1969,Fatigue,Johnson et al. (2019)
Drug 376,Anxiolytic,Norepinephrine Transporter (NET),"Partial agonism and blockade, stabilizes dopamine levels",Depression,2019,"Somolence, Dry Mouth",Garcia et al. (2020)
Drug 377,Anxiolytic,Dopamine Receptors,"Partial agonism and blockade, stabilizes dopamine levels",Panic Disorder,1989,"Diarrhea, Akathisia",Garcia et al. (2020)
Drug 378,SARI,Serotinin and Norepinephrine,Enhances the effect of GABA at the GABA-A receptor,Schizophrenia,1996,Drowsiness,Davis et al. (2021)
Drug 379,Atypical Antipsychotic,Serotinin Transporter (SERT),Inhibits reuptake of serotonin and norepinephrine,Panic Disorder,1968,"Headache, Somolence",white et al. (2021)
Drug 380,Anxiolytic,Serotinin and Norepinephrine,Enhances the effect of GABA at the GABA-A receptor,OCD,2007,"Somolence, Fatigue, Dry Mouth",Sullivan et al. (2017)
Drug 381,Anxiolytic,Norepinephrine Transporter (NET),Enhances the effect of GABA at the GABA-A receptor,Anxiety,1978,Diarrhea,Smith et al. (2020)
Drug 382,NDRI,Serotinin and Norepinephrine,Inhibits reuptake of serotonine,Schizophrenia,1978,"Diarrhea, Headache",Parker et al. (2022)
Drug 383,NDRI,GABA Receptor,Inhibits reuptake of serotonine,Generalized Anxiety,1978,"Nursea, Diarrhea, Dry Mouth",Brown et al. (2023)
Drug 384,NaSSA,Serotinin Transporter (SERT),Antagonist at centain serotinin and norepinephrine receptors,Bipolar Disorder,1995,Nursea,Nuss et al. 2020
Drug 385,Anxiolytic,Serotinin and Norepinephrine,Inhibits reuptake of serotonine,Insomnia,1962,"Dry Mouth, Fatigue",Sullivan et al. (2017)
Drug 386,Atypical Antipsychotic,Dopamine Receptors,Inhibits reuptake of serotonin and norepinephrine,Generalized Anxiety,1967,Somolence,Nuss et al. 2020
Drug 387,SARI,Dopamine Receptors,Inhibits reuptake of serotonin and norepinephrine,OCD,2008,"Akathisia, Diarrhea",Thompson et al. (2019)
Drug 388,Anxiolytic,GABA Receptor,Antagonist at centain serotinin and norepinephrine receptors,Depression,2014,"Diarrhea, Akathisia",Smith et al. (2020)
Drug 389,TCA,Serotinin Transporter (SERT),Inhibits reuptake of serotonin and norepinephrine,Bipolar Disorder,1990,Headache,Nuss et al. 2020
Drug 390,Atypical Antipsychotic,Dopamine Receptors,"Partial agonism and blockade, stabilizes dopamine levels",Schizophrenia,1962,Diarrhea,Nuss et al. 2020
Drug 391,TCA,GABA Receptor,Inhibits reuptake of serotonin and norepinephrine,Anxiety,1981,Drowsiness,white et al. (2021)
Drug 392,Anxiolytic,Norepinephrine Transporter (NET),Inhibits reuptake of serotonin and norepinephrine,Panic Disorder,2004,"Akathisia, Dry Mouth",Sullivan et al. (2017)
Drug 393,SSRI,Serotinin Transporter (SERT),Inhibits reuptake of serotonine,Depression,2002,Nursea,Thompson et al. (2019)
Drug 394,NDRI,Serotinin Transporter (SERT),Enhances the effect of GABA at the GABA-A receptor,Depression,1988,"Headache, Drowsiness, Fatigue",Sullivan et al. (2017)
Drug 395,SARI,Serotinin Transporter (SERT),Enhances the effect of GABA at the GABA-A receptor,Depression,2011,"Headache, Diarrhea",white et al. (2021)
Drug 396,SSRI,Norepinephrine Transporter (NET),Inhibits reuptake of serotonine,Bipolar Disorder,1991,"Weight Gain, Dry Mouth",Johnson et al. (2019)
Drug 397,Atypical Antipsychotic,Norepinephrine Transporter (NET),Inhibits reuptake of serotonine,Bipolar Disorder,1969,"Drowsiness, Diarrhea",Nuss et al. 2020
Drug 398,NaSSA,Norepinephrine Transporter (NET),Enhances the effect of GABA at the GABA-A receptor,Panic Disorder,2010,"Dry Mouth, Insomnia, Nursea",Smith et al. (2020)
Drug 399,SARI,Serotinin and Norepinephrine,Inhibits reuptake of serotonine,Panic Disorder,1999,"Dry Mouth, Insomnia, Diarrhea",Nuss et al. 2020
Drug 400,Anxiolytic,Serotinin and Norepinephrine,Enhances the effect of GABA at the GABA-A receptor,OCD,2003,Fatigue,Smith et al. (2020)
Drug 401,SSRI,Serotinin Transporter (SERT),Antagonist at centain serotinin and norepinephrine receptors,Insomnia,2021,"Fatigue, Nursea",Brown et al. (2023)
Drug 402,Atypical Antipsychotic,Serotinin and Norepinephrine,Enhances the effect of GABA at the GABA-A receptor,Schizophrenia,2006,Drowsiness,Davis et al. (2021)
Drug 403,Anxiolytic,Dopamine Receptors,Antagonist at centain serotinin and norepinephrine receptors,Schizophrenia,1997,"Somolence, Drowsiness",Parker et al. (2022)
Drug 404,Atypical Antipsychotic,Serotinin Transporter (SERT),"Partial agonism and blockade, stabilizes dopamine levels",Anxiety,2018,Somolence,Davis et al. (2021)
Drug 405,Atypical Antipsychotic,GABA Receptor,Enhances the effect of GABA at the GABA-A receptor,Depression,2006,"Fatigue, Headache",Smith et al. (2020)
Drug 406,SSRI,Dopamine Receptors,Antagonist at centain serotinin and norepinephrine receptors,OCD,1986,Headache,Sullivan et al. (2017)
Drug 407,NaSSA,Norepinephrine Transporter (NET),Inhibits reuptake of serotonin and norepinephrine,Anxiety,1982,Drowsiness,Brown et al. (2023)
Drug 408,NDRI,Norepinephrine Transporter (NET),Enhances the effect of GABA at the GABA-A receptor,Anxiety,1962,"Dry Mouth, Diarrhea, Fatigue",Nuss et al. 2020
Drug 409,SARI,GABA Receptor,Inhibits reuptake of serotonin and norepinephrine,Bipolar Disorder,2007,Nursea,white et al. (2021)
Drug 410,SARI,Serotinin and Norepinephrine,"Partial agonism and blockade, stabilizes dopamine levels",Schizophrenia,2016,Weight Gain,Parker et al. (2022)
Drug 411,SARI,GABA Receptor,Antagonist at centain serotinin and norepinephrine receptors,Depression,2001,"Headache, Diarrhea",Parker et al. (2022)
Drug 412,Atypical Antipsychotic,Dopamine Receptors,"Partial agonism and blockade, stabilizes dopamine levels",Anxiety,1967,Akathisia,Garcia et al. (2020)
Drug 413,TCA,Serotinin and Norepinephrine,Antagonist at centain serotinin and norepinephrine receptors,Anxiety,1970,Weight Gain,Nuss et al. 2020
Drug 414,SSRI,Serotinin and Norepinephrine,Enhances the effect of GABA at the GABA-A receptor,OCD,1994,Somolence,Thompson et al. (2019)
Drug 415,NaSSA,Norepinephrine Transporter (NET),Inhibits reuptake of serotonine,Insomnia,2005,"Nursea, Fatigue",Brown et al. (2023)
Drug 416,SSRI,Norepinephrine Transporter (NET),Inhibits reuptake of serotonine,Panic Disorder,1988,"Nursea, Dry Mouth",Garcia et al. (2020)
Drug 417,SSRI,Dopamine Receptors,Enhances the effect of GABA at the GABA-A receptor,Depression,1989,Insomnia,Brown et al. (2023)
Drug 418,SSRI,Norepinephrine Transporter (NET),Inhibits reuptake of serotonine,Panic Disorder,1993,"Weight Gain, Headache",Johnson et al. (2019)
Drug 419,SSRI,Dopamine Receptors,Inhibits reuptake of serotonin and norepinephrine,Anxiety,1994,"Nursea, Headache, Fatigue",Smith et al. (2020)
Drug 420,NDRI,Dopamine Receptors,"Partial agonism and blockade, stabilizes dopamine levels",Generalized Anxiety,2012,Fatigue,Nuss et al. 2020
Drug 421,NaSSA,Dopamine Receptors,Enhances the effect of GABA at the GABA-A receptor,Bipolar Disorder,1963,"Somolence, Insomnia",Johnson et al. (2019)
Drug 422,NDRI,Serotinin and Norepinephrine,Inhibits reuptake of serotonine,Anxiety,2011,Insomnia,Davis et al. (2021)
Drug 423,TCA,Serotinin and Norepinephrine,Enhances the effect of GABA at the GABA-A receptor,Panic Disorder,1981,"Diarrhea, Akathisia, Headache",Thompson et al. (2019)
Drug 424,Atypical Antipsychotic,Norepinephrine Transporter (NET),Antagonist at centain serotinin and norepinephrine receptors,Insomnia,1965,Diarrhea,Thompson et al. (2019)
Drug 425,NaSSA,Serotinin and Norepinephrine,Inhibits reuptake of serotonine,Depression,1979,"Drowsiness, Akathisia",Brown et al. (2023)
Drug 426,Anxiolytic,Norepinephrine Transporter (NET),Inhibits reuptake of serotonine,Bipolar Disorder,1993,"Fatigue, Drowsiness, Insomnia",Sullivan et al. (2017)
Drug 427,NaSSA,Serotinin and Norepinephrine,Antagonist at centain serotinin and norepinephrine receptors,Bipolar Disorder,1963,Headache,Davis et al. (2021)
Drug 428,TCA,Dopamine Receptors,"Partial agonism and blockade, stabilizes dopamine levels",Panic Disorder,1968,"Fatigue, Diarrhea, Dry Mouth",white et al. (2021)
Drug 429,NaSSA,Serotinin Transporter (SERT),Antagonist at centain serotinin and norepinephrine receptors,Anxiety,1990,"Dry Mouth, Drowsiness",Davis et al. (2021)
Drug 430,TCA,Serotinin and Norepinephrine,Antagonist at centain serotinin and norepinephrine receptors,Generalized Anxiety,1990,"Insomnia, Nursea, Somolence",Thompson et al. (2019)
Drug 431,TCA,Dopamine Receptors,Inhibits reuptake of serotonine,Schizophrenia,2014,Weight Gain,Thompson et al. (2019)
Drug 432,NDRI,Dopamine Receptors,"Partial agonism and blockade, stabilizes dopamine levels",Panic Disorder,1986,"Nursea, Headache, Somolence",Garcia et al. (2020)
Drug 433,SARI,GABA Receptor,Inhibits reuptake of serotonine,OCD,1984,Drowsiness,Parker et al. (2022)
Drug 434,SSRI,Dopamine Receptors,Inhibits reuptake of serotonine,OCD,1962,"Drowsiness, Dry Mouth, Akathisia",Brown et al. (2023)
Drug 435,NaSSA,Dopamine Receptors,"Partial agonism and blockade, stabilizes dopamine levels",Generalized Anxiety,2022,"Diarrhea, Fatigue, Drowsiness",Parker et al. (2022)
Drug 436,SARI,Norepinephrine Transporter (NET),Antagonist at centain serotinin and norepinephrine receptors,Panic Disorder,1983,"Nursea, Insomnia, Drowsiness",Davis et al. (2021)
Drug 437,Atypical Antipsychotic,Norepinephrine Transporter (NET),Inhibits reuptake of serotonin and norepinephrine,Depression,2000,Fatigue,white et al. (2021)
Drug 438,TCA,GABA Receptor,Inhibits reuptake of serotonin and norepinephrine,Depression,1983,Headache,Parker et al. (2022)
Drug 439,Anxiolytic,Dopamine Receptors,Inhibits reuptake of serotonin and norepinephrine,Anxiety,1988,"Akathisia, Drowsiness",white et al. (2021)
Drug 440,NaSSA,GABA Receptor,Antagonist at centain serotinin and norepinephrine receptors,Panic Disorder,1997,Somolence,white et al. (2021)
Drug 441,NaSSA,Dopamine Receptors,Antagonist at centain serotinin and norepinephrine receptors,Anxiety,1982,"Diarrhea, Headache, Weight Gain",Nuss et al. 2020
Drug 442,TCA,Norepinephrine Transporter (NET),Inhibits reuptake of serotonin and norepinephrine,Anxiety,1965,Akathisia,Brown et al. (2023)
Drug 443,NaSSA,GABA Receptor,Antagonist at centain serotinin and norepinephrine receptors,Bipolar Disorder,2007,"Nursea, Dry Mouth, Diarrhea",Nuss et al. 2020
Drug 444,Anxiolytic,GABA Receptor,"Partial agonism and blockade, stabilizes dopamine levels",Insomnia,1996,"Akathisia, Diarrhea, Somolence",Davis et al. (2021)
Drug 445,SSRI,Serotinin and Norepinephrine,Inhibits reuptake of serotonine,Bipolar Disorder,1986,"Dry Mouth, Insomnia",white et al. (2021)
Drug 446,Atypical Antipsychotic,Serotinin and Norepinephrine,Inhibits reuptake of serotonin and norepinephrine,Schizophrenia,2022,"Nursea, Somolence, Headache",Johnson et al. (2019)
Drug 447,Anxiolytic,Norepinephrine Transporter (NET),Inhibits reuptake of serotonin and norepinephrine,Insomnia,2005,"Akathisia, Weight Gain, Somolence",Nuss et al. 2020
Drug 448,NaSSA,Norepinephrine Transporter (NET),"Partial agonism and blockade, stabilizes dopamine levels",Anxiety,1995,"Akathisia, Weight Gain",Parker et al. (2022)
Drug 449,Anxiolytic,Norepinephrine Transporter (NET),Inhibits reuptake of serotonine,Insomnia,1988,"Dry Mouth, Headache, Akathisia",Sullivan et al. (2017)
Drug 450,Atypical Antipsychotic,Dopamine Receptors,Antagonist at centain serotinin and norepinephrine receptors,OCD,1967,"Drowsiness, Dry Mouth, Nursea",Brown et al. (2023)
Drug 451,NDRI,Dopamine Receptors,Antagonist at centain serotinin and norepinephrine receptors,Insomnia,1993,"Akathisia, Fatigue",Johnson et al. (2019)
Drug 452,NaSSA,GABA Receptor,Enhances the effect of GABA at the GABA-A receptor,Panic Disorder,1989,Nursea,Sullivan et al. (2017)
Drug 453,SARI,Serotinin Transporter (SERT),"Partial agonism and blockade, stabilizes dopamine levels",Depression,2022,"Akathisia, Weight Gain, Diarrhea",Smith et al. (2020)
Drug 454,SSRI,Serotinin Transporter (SERT),Enhances the effect of GABA at the GABA-A receptor,Schizophrenia,1996,Insomnia,Smith et al. (2020)
Drug 455,SARI,Norepinephrine Transporter (NET),Inhibits reuptake of serotonin and norepinephrine,Anxiety,1985,"Headache, Somolence",Brown et al. (2023)
Drug 456,Anxiolytic,Norepinephrine Transporter (NET),Antagonist at centain serotinin and norepinephrine receptors,Anxiety,2000,"Dry Mouth, Headache",Brown et al. (2023)
Drug 457,SSRI,Serotinin Transporter (SERT),Inhibits reuptake of serotonin and norepinephrine,Panic Disorder,2013,Headache,Thompson et al. (2019)
Drug 458,SARI,Dopamine Receptors,Antagonist at centain serotinin and norepinephrine receptors,Anxiety,1979,"Insomnia, Fatigue",Sullivan et al. (2017)
Drug 459,Atypical Antipsychotic,Norepinephrine Transporter (NET),"Partial agonism and blockade, stabilizes dopamine levels",Generalized Anxiety,1997,Weight Gain,Nuss et al. 2020
Drug 460,NDRI,Serotinin Transporter (SERT),Inhibits reuptake of serotonine,Generalized Anxiety,1983,"Weight Gain, Drowsiness",Nuss et al. 2020
Drug 461,NaSSA,Dopamine Receptors,Enhances the effect of GABA at the GABA-A receptor,Bipolar Disorder,1967,"Fatigue, Nursea, Akathisia",white et al. (2021)
Drug 462,Atypical Antipsychotic,Norepinephrine Transporter (NET),Inhibits reuptake of serotonin and norepinephrine,Insomnia,1971,"Headache, Insomnia",Smith et al. (2020)
Drug 463,TCA,Serotinin Transporter (SERT),"Partial agonism and blockade, stabilizes dopamine levels",Panic Disorder,2012,Nursea,Davis et al. (2021)
Drug 464,SARI,GABA Receptor,"Partial agonism and blockade, stabilizes dopamine levels",Bipolar Disorder,1960,"Diarrhea, Insomnia",Parker et al. (2022)
Drug 465,NDRI,Dopamine Receptors,Antagonist at centain serotinin and norepinephrine receptors,Panic Disorder,1974,"Insomnia, Drowsiness, Somolence",white et al. (2021)
Drug 466,SARI,Dopamine Receptors,Inhibits reuptake of serotonine,Panic Disorder,2020,"Nursea, Weight Gain, Fatigue",Garcia et al. (2020)
Drug 467,NDRI,Serotinin Transporter (SERT),Enhances the effect of GABA at the GABA-A receptor,Panic Disorder,1972,Nursea,Nuss et al. 2020
Drug 468,NDRI,Dopamine Receptors,"Partial agonism and blockade, stabilizes dopamine levels",Generalized Anxiety,2015,"Nursea, Fatigue",Parker et al. (2022)
Drug 469,TCA,GABA Receptor,"Partial agonism and blockade, stabilizes dopamine levels",Depression,2007,"Diarrhea, Akathisia, Drowsiness",Smith et al. (2020)
Drug 470,SARI,GABA Receptor,"Partial agonism and blockade, stabilizes dopamine levels",Depression,2009,"Nursea, Dry Mouth, Insomnia",Davis et al. (2021)
Drug 471,SSRI,Serotinin and Norepinephrine,Inhibits reuptake of serotonine,Schizophrenia,2001,"Drowsiness, Weight Gain",Brown et al. (2023)
Drug 472,TCA,Dopamine Receptors,Inhibits reuptake of serotonin and norepinephrine,Anxiety,1968,Headache,Brown et al. (2023)
Drug 473,TCA,Norepinephrine Transporter (NET),Antagonist at centain serotinin and norepinephrine receptors,Generalized Anxiety,1995,"Diarrhea, Fatigue, Somolence",Thompson et al. (2019)
Drug 474,SARI,Dopamine Receptors,Enhances the effect of GABA at the GABA-A receptor,Anxiety,2017,"Somolence, Drowsiness, Dry Mouth",Thompson et al. (2019)
Drug 475,Atypical Antipsychotic,GABA Receptor,Antagonist at centain serotinin and norepinephrine receptors,OCD,2014,Nursea,Parker et al. (2022)
Drug 476,NaSSA,Dopamine Receptors,Enhances the effect of GABA at the GABA-A receptor,Schizophrenia,1990,"Diarrhea, Headache",Smith et al. (2020)
Drug 477,Anxiolytic,Norepinephrine Transporter (NET),Inhibits reuptake of serotonin and norepinephrine,Insomnia,1994,Akathisia,Sullivan et al. (2017)
Drug 478,Anxiolytic,GABA Receptor,Antagonist at centain serotinin and norepinephrine receptors,Panic Disorder,1999,"Akathisia, Nursea",Garcia et al. (2020)
Drug 479,Atypical Antipsychotic,GABA Receptor,Inhibits reuptake of serotonine,Insomnia,1969,"Somolence, Headache, Weight Gain",Parker et al. (2022)
Drug 480,SARI,Serotinin Transporter (SERT),Inhibits reuptake of serotonin and norepinephrine,Schizophrenia,1969,"Insomnia, Drowsiness",Thompson et al. (2019)
Drug 481,SSRI,Serotinin Transporter (SERT),Inhibits reuptake of serotonin and norepinephrine,OCD,2001,Nursea,Parker et al. (2022)
Drug 482,SARI,GABA Receptor,Inhibits reuptake of serotonin and norepinephrine,Panic Disorder,1984,"Headache, Somolence, Fatigue",Davis et al. (2021)
Drug 483,Anxiolytic,Serotinin Transporter (SERT),Enhances the effect of GABA at the GABA-A receptor,Depression,1999,"Weight Gain, Headache",Davis et al. (2021)
Drug 484,NDRI,Dopamine Receptors,Inhibits reuptake of serotonine,Depression,1993,Nursea,Nuss et al. 2020
Drug 485,Anxiolytic,Serotinin and Norepinephrine,Inhibits reuptake of serotonin and norepinephrine,Insomnia,1989,"Akathisia, Weight Gain, Nursea",Thompson et al. (2019)
Drug 486,Anxiolytic,Dopamine Receptors,Enhances the effect of GABA at the GABA-A receptor,OCD,1983,"Insomnia, Drowsiness, Weight Gain",Parker et al. (2022)
Drug 487,SSRI,Dopamine Receptors,Inhibits reuptake of serotonin and norepinephrine,Depression,2007,Somolence,Nuss et al. 2020
Drug 488,SARI,GABA Receptor,Antagonist at centain serotinin and norepinephrine receptors,Anxiety,2000,"Drowsiness, Diarrhea, Akathisia",Davis et al. (2021)
Drug 489,NDRI,Norepinephrine Transporter (NET),Inhibits reuptake of serotonine,Insomnia,1972,"Insomnia, Akathisia",Nuss et al. 2020
Drug 490,TCA,GABA Receptor,Antagonist at centain serotinin and norepinephrine receptors,Panic Disorder,1990,Fatigue,Sullivan et al. (2017)
Drug 491,Anxiolytic,Serotinin and Norepinephrine,Inhibits reuptake of serotonin and norepinephrine,Panic Disorder,2022,"Insomnia, Diarrhea, Drowsiness",Garcia et al. (2020)
Drug 492,Anxiolytic,Serotinin Transporter (SERT),Inhibits reuptake of serotonine,Insomnia,1963,"Akathisia, Drowsiness",Thompson et al. (2019)
Drug 493,NaSSA,Serotinin Transporter (SERT),Inhibits reuptake of serotonin and norepinephrine,Panic Disorder,1998,"Nursea, Insomnia, Weight Gain",Davis et al. (2021)
Drug 494,SSRI,GABA Receptor,Antagonist at centain serotinin and norepinephrine receptors,Insomnia,2005,"Akathisia, Drowsiness",white et al. (2021)
Drug 495,Atypical Antipsychotic,Serotinin Transporter (SERT),Inhibits reuptake of serotonin and norepinephrine,Insomnia,1983,"Dry Mouth, Fatigue, Nursea",Parker et al. (2022)
Drug 496,Atypical Antipsychotic,GABA Receptor,Inhibits reuptake of serotonine,Bipolar Disorder,1983,"Drowsiness, Akathisia",Garcia et al. (2020)
Drug 497,SSRI,GABA Receptor,Enhances the effect of GABA at the GABA-A receptor,Bipolar Disorder,2007,"Fatigue, Weight Gain, Drowsiness",Nuss et al. 2020
Drug 498,SSRI,Norepinephrine Transporter (NET),Inhibits reuptake of serotonine,Anxiety,1994,Diarrhea,Thompson et al. (2019)
Drug 499,TCA,Dopamine Receptors,Antagonist at centain serotinin and norepinephrine receptors,OCD,2011,Nursea,Parker et al. (2022)
Drug 500,NaSSA,Norepinephrine Transporter (NET),Antagonist at centain serotinin and norepinephrine receptors,Panic Disorder,2007,Dry Mouth,Garcia et al. (2020)
